{"english_to_afrikaans": {"accuracy": 60.26666760444641, "bleu": 0.1927127178666989}, "afrikaans_to_english": {"accuracy": 60.39999723434448, "bleu": 0.17477517220430566}, "english_to_arabic": {"accuracy": 51.94283723831177, "bleu": 0.051203553193638465}, "arabic_to_english": {"accuracy": 62.63304948806763, "bleu": 0.19880332717985155}, "english_to_basque": {"accuracy": 42.06500947475433, "bleu": 0.015628510651676964}, "basque_to_english": {"accuracy": 48.16053509712219, "bleu": 0.07676986451541107}, "english_to_belarusian": {"accuracy": 55.86010813713074, "bleu": 0.06316164332462568}, "belarusian_to_english": {"accuracy": 62.90770173072815, "bleu": 0.19227784558726227}, "english_to_bulgarian": {"accuracy": 67.55074858665466, "bleu": 0.21486532922505916}, "bulgarian_to_english": {"accuracy": 75.64561367034912, "bleu": 0.3881750141371419}, "english_to_catalan": {"accuracy": 47.21706807613373, "bleu": 0.08712264235650873}, "catalan_to_english": {"accuracy": 56.70009255409241, "bleu": 0.16488696725689891}, "english_to_chinese": {"accuracy": 60.90453863143921, "bleu": 0.18694030810628784}, "chinese_to_english": {"accuracy": 66.3663387298584, "bleu": 0.20898977837226768}, "english_to_croatian": {"accuracy": 47.05643355846405, "bleu": 0.053265874612234004}, "croatian_to_english": {"accuracy": 49.13567900657654, "bleu": 0.08663903349412791}, "english_to_czech": {"accuracy": 66.01566672325134, "bleu": 0.17490175837522992}, "czech_to_english": {"accuracy": 74.58378672599792, "bleu": 0.35591007766761523}, "english_to_danish": {"accuracy": 78.89270782470703, "bleu": 0.41879730485275807}, "danish_to_english": {"accuracy": 80.35359382629395, "bleu": 0.466332344168256}, "english_to_dutch": {"accuracy": 79.02364134788513, "bleu": 0.4130131126008931}, "dutch_to_english": {"accuracy": 82.54945278167725, "bleu": 0.494164485595087}, "english_to_estonian": {"accuracy": 60.00041961669922, "bleu": 0.12234443541236095}, "estonian_to_english": {"accuracy": 61.60933971405029, "bleu": 0.1851981085330704}, "english_to_finnish": {"accuracy": 68.67685317993164, "bleu": 0.18569166283745672}, "finnish_to_english": {"accuracy": 77.8627336025238, "bleu": 0.42850112841761107}, "english_to_french": {"accuracy": 80.16458749771118, "bleu": 0.44310094570963965}, "french_to_english": {"accuracy": 85.20613312721252, "bleu": 0.5592581003350058}, "english_to_galician": {"accuracy": 34.42623019218445, "bleu": 1.0312437849912562e-78}, "galician_to_english": {"accuracy": 43.24324429035187, "bleu": 0.10526315789473684}, "english_to_german": {"accuracy": 78.00962328910828, "bleu": 0.4135710276695826}, "german_to_english": {"accuracy": 82.88483023643494, "bleu": 0.5246135513364341}, "english_to_greek": {"accuracy": 75.36419034004211, "bleu": 0.2494767346928383}, "greek_to_english": {"accuracy": 86.22890114784241, "bleu": 0.6058903826210812}, "english_to_hebrew": {"accuracy": 70.08349895477295, "bleu": 0.20183686103286946}, "hebrew_to_english": {"accuracy": 78.41210961341858, "bleu": 0.41310257980525145}, "english_to_hindi": {"accuracy": 50.41212439537048, "bleu": 0.08048317311366937}, "hindi_to_english": {"accuracy": 55.001068115234375, "bleu": 0.12085660657035223}, "english_to_hungarian": {"accuracy": 66.2365972995758, "bleu": 0.1582283461453866}, "hungarian_to_english": {"accuracy": 76.06635689735413, "bleu": 0.37164430932388093}, "english_to_indonesian": {"accuracy": 63.31542134284973, "bleu": 0.16895123531540948}, "indonesian_to_english": {"accuracy": 65.62544107437134, "bleu": 0.21399980622146506}, "english_to_italian": {"accuracy": 83.4961473941803, "bleu": 0.453331107200373}, "italian_to_english": {"accuracy": 93.23812127113342, "bleu": 0.7546037018402837}, "english_to_japanese": {"accuracy": 68.75433921813965, "bleu": 0.2896672934485323}, "japanese_to_english": {"accuracy": 72.72310853004456, "bleu": 0.33558470245915095}, "english_to_korean": {"accuracy": 45.98340094089508, "bleu": 0.03352871044021261}, "korean_to_english": {"accuracy": 53.456902503967285, "bleu": 0.10080992513328933}, "english_to_latvian": {"accuracy": 48.64344000816345, "bleu": 0.1408308461467623}, "latvian_to_english": {"accuracy": 51.19604468345642, "bleu": 0.01947876282224878}, "english_to_lithuanian": {"accuracy": 49.91218447685242, "bleu": 0.020428516579295678}, "lithuanian_to_english": {"accuracy": 55.119991302490234, "bleu": 0.10622161029708646}, "english_to_marathi": {"accuracy": 75.87896585464478, "bleu": 0.303401724584103}, "marathi_to_english": {"accuracy": 86.15704774856567, "bleu": 0.6169041193262232}, "english_to_norwegian": {"accuracy": 67.96663999557495, "bleu": 0.26794045716375586}, "norwegian_to_english": {"accuracy": 68.46384406089783, "bleu": 0.2379794958960725}, "english_to_persian": {"accuracy": 42.895594239234924, "bleu": 0.049194429419851825}, "persian_to_english": {"accuracy": 46.94446623325348, "bleu": 0.11690801394347838}, "english_to_polish": {"accuracy": 68.13815236091614, "bleu": 0.20817568572671125}, "polish_to_english": {"accuracy": 72.69474864006042, "bleu": 0.3259030819326961}, "english_to_portuguese": {"accuracy": 81.06735348701477, "bleu": 0.4473115890081854}, "portuguese_to_english": {"accuracy": 86.96405291557312, "bleu": 0.5959167885971209}, "english_to_romanian": {"accuracy": 66.76111817359924, "bleu": 0.22924487995547196}, "romanian_to_english": {"accuracy": 71.03919982910156, "bleu": 0.2681976746763587}, "english_to_serbian": {"accuracy": 66.36118292808533, "bleu": 0.16543730000695697}, "serbian_to_english": {"accuracy": 79.79099154472351, "bleu": 0.40581481930916097}, "english_to_slovak": {"accuracy": 71.28049731254578, "bleu": 0.22797558844733543}, "slovak_to_english": {"accuracy": 75.97073316574097, "bleu": 0.3622498278539563}, "english_to_slovenian": {"accuracy": 45.77777683734894, "bleu": 0.0534850647250402}, "slovenian_to_english": {"accuracy": 49.433961510658264, "bleu": 0.15745304792678466}, "english_to_spanish": {"accuracy": 76.88410878181458, "bleu": 0.3670530042247838}, "spanish_to_english": {"accuracy": 82.25867748260498, "bleu": 0.49688429541644863}, "english_to_swedish": {"accuracy": 76.78505778312683, "bleu": 0.3241518036996311}, "swedish_to_english": {"accuracy": 81.10421299934387, "bleu": 0.44662992409847774}, "english_to_tamil": {"accuracy": 23.140496015548706, "bleu": 5.815898427407001e-79}, "tamil_to_english": {"accuracy": 35.624998807907104, "bleu": 3.2705200288405287e-79}, "english_to_telugu": {"accuracy": 26.923078298568726, "bleu": 6.96922784406767e-232}, "telugu_to_english": {"accuracy": 33.898305892944336, "bleu": 6.592304134289646e-156}, "english_to_ukrainian": {"accuracy": 79.06675338745117, "bleu": 0.3258545972354756}, "ukrainian_to_english": {"accuracy": 85.74903011322021, "bleu": 0.5446388765895882}, "english_to_urdu": {"accuracy": 48.57414364814758, "bleu": 0.10848258994944711}, "urdu_to_english": {"accuracy": 55.633801221847534, "bleu": 0.2528196523741878}, "english_to_uyghur": {"accuracy": 30.978259444236755, "bleu": 2.5449121438893674e-79}, "uyghur_to_english": {"accuracy": 34.42623019218445, "bleu": 0.016108206128558625}, "english_to_vietnamese": {"accuracy": 64.47335481643677, "bleu": 0.2552805640366706}, "vietnamese_to_english": {"accuracy": 67.86540150642395, "bleu": 0.3026689341306296}}